State,year,Predicted_GSDP(Rs Lakh)
ANDAMAN & NICOBAR,1992,107779
ANDAMAN & NICOBAR,1993,125990
ANDAMAN & NICOBAR,1994,133243.3
ANDAMAN & NICOBAR,1995,141582.6
ANDAMAN & NICOBAR,1996,149246.4
ANDAMAN & NICOBAR,1997,152010.6
ANDAMAN & NICOBAR,1998,150132.7
ANDAMAN & NICOBAR,1999,158590.4
ANDAMAN & NICOBAR,2000,162655.3
ANDAMAN & NICOBAR,2001,166880.3
ANDAMAN & NICOBAR,2002,182704.9
ANDAMAN & NICOBAR,2003,196848
ANDAMAN & NICOBAR,2004,213008.7
ANDAMAN & NICOBAR,2005,209682
ANDAMAN & NICOBAR,2006,238559.7
ANDAMAN & NICOBAR,2007,268129.3
ANDAMAN & NICOBAR,2008,290743.9
ANDAMAN & NICOBAR,2009,328043.5
ANDAMAN & NICOBAR,2010,357165.2
ANDAMAN & NICOBAR,2011,374923.3
ANDAMAN & NICOBAR,2012,362417.2
ANDAMAN & NICOBAR,2013,392473.3
ANDAMAN & NICOBAR,2014,408659.2
ANDAMAN & NICOBAR,2015,432159.8
ANDAMAN & NICOBAR,2016,479007.7
ANDAMAN & NICOBAR,2017,533386.8
ANDAMAN & NICOBAR,2018,567306.4
ANDAMAN & NICOBAR,2019,594022.2
ANDAMAN & NICOBAR,2020,561173.5
ANDAMAN & NICOBAR,2021,577894.6
ANDAMAN & NICOBAR,2022,627478
ANDAMAN & NICOBAR,2023,656954.4
ANDHRA PRADESH,1992,11100000
ANDHRA PRADESH,1993,12700000
ANDHRA PRADESH,1994,13100000
ANDHRA PRADESH,1995,14300000
ANDHRA PRADESH,1996,15100000
ANDHRA PRADESH,1997,14800000
ANDHRA PRADESH,1998,16600000
ANDHRA PRADESH,1999,17400000
ANDHRA PRADESH,2000,18600000
ANDHRA PRADESH,2001,19400000
ANDHRA PRADESH,2002,20100000
ANDHRA PRADESH,2003,21500000
ANDHRA PRADESH,2004,23400000
ANDHRA PRADESH,2005,24200000
ANDHRA PRADESH,2006,26300000
ANDHRA PRADESH,2007,29300000
ANDHRA PRADESH,2008,29800000
ANDHRA PRADESH,2009,32000000
ANDHRA PRADESH,2010,34300000
ANDHRA PRADESH,2011,36000000
ANDHRA PRADESH,2012,35700000
ANDHRA PRADESH,2013,37900000
ANDHRA PRADESH,2014,40800000
ANDHRA PRADESH,2015,45100000
ANDHRA PRADESH,2016,48000000
ANDHRA PRADESH,2017,52700000
ANDHRA PRADESH,2018,55700000
ANDHRA PRADESH,2019,57600000
ANDHRA PRADESH,2020,58600000
ANDHRA PRADESH,2021,62200000
ANDHRA PRADESH,2022,65900000
ANDHRA PRADESH,2023,69800000
ARUNACHAL PRADESH,1992,337250
ARUNACHAL PRADESH,1993,371999.5
ARUNACHAL PRADESH,1994,334840.9
ARUNACHAL PRADESH,1995,396954.6
ARUNACHAL PRADESH,1996,407300
ARUNACHAL PRADESH,1997,407270.9
ARUNACHAL PRADESH,1998,433736
ARUNACHAL PRADESH,1999,467433.4
ARUNACHAL PRADESH,2000,473646.2
ARUNACHAL PRADESH,2001,532452.6
ARUNACHAL PRADESH,2002,509773.9
ARUNACHAL PRADESH,2003,564801.6
ARUNACHAL PRADESH,2004,666450.5
ARUNACHAL PRADESH,2005,666346.9
ARUNACHAL PRADESH,2006,698047.7
ARUNACHAL PRADESH,2007,777947.6
ARUNACHAL PRADESH,2008,826210.9
ARUNACHAL PRADESH,2009,896110.3
ARUNACHAL PRADESH,2010,969425.4
ARUNACHAL PRADESH,2011,1019844
ARUNACHAL PRADESH,2012,1065589
ARUNACHAL PRADESH,2013,1151763
ARUNACHAL PRADESH,2014,1307860
ARUNACHAL PRADESH,2015,1311927
ARUNACHAL PRADESH,2016,1319769
ARUNACHAL PRADESH,2017,1437492
ARUNACHAL PRADESH,2018,1517578
ARUNACHAL PRADESH,2019,1733251
ARUNACHAL PRADESH,2020,1686839
ARUNACHAL PRADESH,2021,1731680
ARUNACHAL PRADESH,2022,1804323
ARUNACHAL PRADESH,2023,1943560
ASSAM,1992,6815393
ASSAM,1993,7142248
ASSAM,1994,7192618
ASSAM,1995,7588928
ASSAM,1996,7890299
ASSAM,1997,7970791
ASSAM,1998,7979031
ASSAM,1999,8250565
ASSAM,2000,8475292
ASSAM,2001,8599280
ASSAM,2002,9142582
ASSAM,2003,9491283
ASSAM,2004,10100000
ASSAM,2005,10300000
ASSAM,2006,10600000
ASSAM,2007,11200000
ASSAM,2008,11700000
ASSAM,2009,12700000
ASSAM,2010,13500000
ASSAM,2011,14100000
ASSAM,2012,14900000
ASSAM,2013,15600000
ASSAM,2014,16500000
ASSAM,2015,19000000
ASSAM,2016,19600000
ASSAM,2017,21500000
ASSAM,2018,22400000
ASSAM,2019,23200000
ASSAM,2020,23700000
ASSAM,2021,24900000
ASSAM,2022,27300000
ASSAM,2023,30000000
BIHAR,1992,7780866
BIHAR,1993,8412759
BIHAR,1994,9096313
BIHAR,1995,8311259
BIHAR,1996,9955271
BIHAR,1997,9430115
BIHAR,1998,10400000
BIHAR,1999,10500000
BIHAR,2000,12200000
BIHAR,2001,11700000
BIHAR,2002,13000000
BIHAR,2003,11700000
BIHAR,2004,13500000
BIHAR,2005,13400000
BIHAR,2006,15100000
BIHAR,2007,15700000
BIHAR,2008,17700000
BIHAR,2009,18300000
BIHAR,2010,21500000
BIHAR,2011,22800000
BIHAR,2012,23900000
BIHAR,2013,25000000
BIHAR,2014,27300000
BIHAR,2015,30500000
BIHAR,2016,33400000
BIHAR,2017,37300000
BIHAR,2018,41800000
BIHAR,2019,44000000
BIHAR,2020,41400000
BIHAR,2021,43300000
BIHAR,2022,47700000
BIHAR,2023,52700000
CHANDIGARH,1992,
CHANDIGARH,1993,406784
CHANDIGARH,1994,443067.2
CHANDIGARH,1995,480659.5
CHANDIGARH,1996,532276.3
CHANDIGARH,1997,562499.9
CHANDIGARH,1998,606140.5
CHANDIGARH,1999,640710.8
CHANDIGARH,2000,704749.8
CHANDIGARH,2001,756810.8
CHANDIGARH,2002,831652.7
CHANDIGARH,2003,902133
CHANDIGARH,2004,973435.5
CHANDIGARH,2005,1062549
CHANDIGARH,2006,1189454
CHANDIGARH,2007,1264755
CHANDIGARH,2008,1346222
CHANDIGARH,2009,1404198
CHANDIGARH,2010,1416705
CHANDIGARH,2011,1471471
CHANDIGARH,2012,1560519
CHANDIGARH,2013,1678596
CHANDIGARH,2014,1731873
CHANDIGARH,2015,1862840
CHANDIGARH,2016,1988078
CHANDIGARH,2017,2085226
CHANDIGARH,2018,2170454
CHANDIGARH,2019,2281786
CHANDIGARH,2020,2078823
CHANDIGARH,2021,2202776
CHANDIGARH,2022,2453507
CHANDIGARH,2023,2650684
CHHATTISGARH,1992,5277617
CHHATTISGARH,1993,5599229
CHHATTISGARH,1994,5985166
CHHATTISGARH,1995,6361534
CHHATTISGARH,1996,6537478
CHHATTISGARH,1997,6672183
CHHATTISGARH,1998,7105847
CHHATTISGARH,1999,6744623
CHHATTISGARH,2000,6802539
CHHATTISGARH,2001,7332618
CHHATTISGARH,2002,7800096
CHHATTISGARH,2003,8608346
CHHATTISGARH,2004,9519098
CHHATTISGARH,2005,9717255
CHHATTISGARH,2006,11000000
CHHATTISGARH,2007,12100000
CHHATTISGARH,2008,13000000
CHHATTISGARH,2009,13600000
CHHATTISGARH,2010,14900000
CHHATTISGARH,2011,15900000
CHHATTISGARH,2012,17200000
CHHATTISGARH,2013,18700000
CHHATTISGARH,2014,19100000
CHHATTISGARH,2015,19800000
CHHATTISGARH,2016,21400000
CHHATTISGARH,2017,22500000
CHHATTISGARH,2018,24600000
CHHATTISGARH,2019,25200000
CHHATTISGARH,2020,25200000
CHHATTISGARH,2021,26900000
CHHATTISGARH,2022,28500000
CHHATTISGARH,2023,30300000
DELHI,1992,8729328
DELHI,1993,8031466
DELHI,1994,8947132
DELHI,1995,9097511
DELHI,1996,10100000
DELHI,1997,11400000
DELHI,1998,11800000
DELHI,1999,12400000
DELHI,2000,12800000
DELHI,2001,13300000
DELHI,2002,14200000
DELHI,2003,14800000
DELHI,2004,16200000
DELHI,2005,17500000
DELHI,2006,19400000
DELHI,2007,21200000
DELHI,2008,23300000
DELHI,2009,25000000
DELHI,2010,26600000
DELHI,2011,28000000
DELHI,2012,29500000
DELHI,2013,31300000
DELHI,2014,33700000
DELHI,2015,36800000
DELHI,2016,39100000
DELHI,2017,41100000
DELHI,2018,42500000
DELHI,2019,43900000
DELHI,2020,40300000
DELHI,2021,42700000
DELHI,2022,45300000
DELHI,2023,48900000
GOA,1992,893597
GOA,1993,949867.8
GOA,1994,1015042
GOA,1995,1077607
GOA,1996,1219378
GOA,1997,1238557
GOA,1998,1492454
GOA,1999,1516497
GOA,2000,1499386
GOA,2001,1573375
GOA,2002,1680375
GOA,2003,1793718
GOA,2004,1952919
GOA,2005,2076960
GOA,2006,2217971
GOA,2007,2341794
GOA,2008,2531085
GOA,2009,2771174
GOA,2010,3164621
GOA,2011,3712150
GOA,2012,3079045
GOA,2013,2793741
GOA,2014,3349978
GOA,2015,3744206
GOA,2016,4109208
GOA,2017,4255181
GOA,2018,4320419
GOA,2019,4474570
GOA,2020,4292225
GOA,2021,4333364
GOA,2022,4832067
GOA,2023,5199586
GUJARAT,1992,14800000
GUJARAT,1993,15000000
GUJARAT,1994,17400000
GUJARAT,1995,18600000
GUJARAT,1996,20700000
GUJARAT,1997,21300000
GUJARAT,1998,22700000
GUJARAT,1999,23200000
GUJARAT,2000,22500000
GUJARAT,2001,24100000
GUJARAT,2002,25800000
GUJARAT,2003,28600000
GUJARAT,2004,30600000
GUJARAT,2005,34000000
GUJARAT,2006,36100000
GUJARAT,2007,39600000
GUJARAT,2008,41600000
GUJARAT,2009,46000000
GUJARAT,2010,50000000
GUJARAT,2011,53400000
GUJARAT,2012,58200000
GUJARAT,2013,62400000
GUJARAT,2014,67900000
GUJARAT,2015,74100000
GUJARAT,2016,80000000
GUJARAT,2017,88300000
GUJARAT,2018,95400000
GUJARAT,2019,101000000
GUJARAT,2020,99800000
GUJARAT,2021,108000000
GUJARAT,2022,116000000
GUJARAT,2023,
HARYANA,1992,7360137
HARYANA,1993,7572067
HARYANA,1994,8304183
HARYANA,1995,8426206
HARYANA,1996,9330368
HARYANA,1997,9428977
HARYANA,1998,9866158
HARYANA,1999,10600000
HARYANA,2000,11400000
HARYANA,2001,12300000
HARYANA,2002,13000000
HARYANA,2003,13900000
HARYANA,2004,15000000
HARYANA,2005,16100000
HARYANA,2006,17500000
HARYANA,2007,18900000
HARYANA,2008,20200000
HARYANA,2009,22700000
HARYANA,2010,23900000
HARYANA,2011,25700000
HARYANA,2012,26700000
HARYANA,2013,29100000
HARYANA,2014,30800000
HARYANA,2015,33200000
HARYANA,2016,35900000
HARYANA,2017,37900000
HARYANA,2018,41400000
HARYANA,2019,42400000
HARYANA,2020,39200000
HARYANA,2021,43400000
HARYANA,2022,45200000
HARYANA,2023,49000000
HIMACHAL PRADESH,1992,1937251
HIMACHAL PRADESH,1993,2004888
HIMACHAL PRADESH,1994,2232406
HIMACHAL PRADESH,1995,2405593
HIMACHAL PRADESH,1996,2613386
HIMACHAL PRADESH,1997,2730258
HIMACHAL PRADESH,1998,3018178
HIMACHAL PRADESH,1999,3309650
HIMACHAL PRADESH,2000,3573111
HIMACHAL PRADESH,2001,3745988
HIMACHAL PRADESH,2002,3948421
HIMACHAL PRADESH,2003,4060634
HIMACHAL PRADESH,2004,4594306
HIMACHAL PRADESH,2005,4860809
HIMACHAL PRADESH,2006,5243739
HIMACHAL PRADESH,2007,5718782
HIMACHAL PRADESH,2008,5966327
HIMACHAL PRADESH,2009,6368418
HIMACHAL PRADESH,2010,6934647
HIMACHAL PRADESH,2011,7407908
HIMACHAL PRADESH,2012,7617907
HIMACHAL PRADESH,2013,8084407
HIMACHAL PRADESH,2014,8582235
HIMACHAL PRADESH,2015,9190789
HIMACHAL PRADESH,2016,9546403
HIMACHAL PRADESH,2017,10300000
HIMACHAL PRADESH,2018,10900000
HIMACHAL PRADESH,2019,11300000
HIMACHAL PRADESH,2020,10700000
HIMACHAL PRADESH,2021,11300000
HIMACHAL PRADESH,2022,12100000
HIMACHAL PRADESH,2023,12900000
JAMMU & KASHMIR,1992,
JAMMU & KASHMIR,1993,3147232
JAMMU & KASHMIR,1994,3398695
JAMMU & KASHMIR,1995,3554227
JAMMU & KASHMIR,1996,3738403
JAMMU & KASHMIR,1997,3848101
JAMMU & KASHMIR,1998,4162327
JAMMU & KASHMIR,1999,4276510
JAMMU & KASHMIR,2000,4460804
JAMMU & KASHMIR,2001,4574360
JAMMU & KASHMIR,2002,4768943
JAMMU & KASHMIR,2003,5082524
JAMMU & KASHMIR,2004,5317515
JAMMU & KASHMIR,2005,5644905
JAMMU & KASHMIR,2006,5893645
JAMMU & KASHMIR,2007,6334144
JAMMU & KASHMIR,2008,6487911
JAMMU & KASHMIR,2009,6807531
JAMMU & KASHMIR,2010,7302175
JAMMU & KASHMIR,2011,7774063
JAMMU & KASHMIR,2012,8249384
JAMMU & KASHMIR,2013,8736641
JAMMU & KASHMIR,2014,8496057
JAMMU & KASHMIR,2015,9691804
JAMMU & KASHMIR,2016,9943421
JAMMU & KASHMIR,2017,10700000
JAMMU & KASHMIR,2018,11400000
JAMMU & KASHMIR,2019,11300000
JAMMU & KASHMIR,2020,11200000
JAMMU & KASHMIR,2021,11500000
JAMMU & KASHMIR,2022,12300000
JAMMU & KASHMIR,2023,13500000
JHARKHAND,1992,5708709
JHARKHAND,1993,5950428
JHARKHAND,1994,6257938
JHARKHAND,1995,6480379
JHARKHAND,1996,6233085
JHARKHAND,1997,7350566
JHARKHAND,1998,7771323
JHARKHAND,1999,7617865
JHARKHAND,2000,7072542
JHARKHAND,2001,7417429
JHARKHAND,2002,7763084
JHARKHAND,2003,8216841
JHARKHAND,2004,9399792
JHARKHAND,2005,9061110
JHARKHAND,2006,9229063
JHARKHAND,2007,10800000
JHARKHAND,2008,10700000
JHARKHAND,2009,11700000
JHARKHAND,2010,13400000
JHARKHAND,2011,14000000
JHARKHAND,2012,15700000
JHARKHAND,2013,16100000
JHARKHAND,2014,17800000
JHARKHAND,2015,17100000
JHARKHAND,2016,18600000
JHARKHAND,2017,20600000
JHARKHAND,2018,22200000
JHARKHAND,2019,22400000
JHARKHAND,2020,21900000
JHARKHAND,2021,24200000
JHARKHAND,2022,25500000
JHARKHAND,2023,27200000
KARNATAKA,1992,17300000
KARNATAKA,1993,19100000
KARNATAKA,1994,20500000
KARNATAKA,1995,22000000
KARNATAKA,1996,23800000
KARNATAKA,1997,25100000
KARNATAKA,1998,28700000
KARNATAKA,1999,30100000
KARNATAKA,2000,30800000
KARNATAKA,2001,31500000
KARNATAKA,2002,32900000
KARNATAKA,2003,34200000
KARNATAKA,2004,37200000
KARNATAKA,2005,40400000
KARNATAKA,2006,43500000
KARNATAKA,2007,48300000
KARNATAKA,2008,50900000
KARNATAKA,2009,51900000
KARNATAKA,2010,56900000
KARNATAKA,2011,59200000
KARNATAKA,2012,61700000
KARNATAKA,2013,66800000
KARNATAKA,2014,70400000
KARNATAKA,2015,77300000
KARNATAKA,2016,85400000
KARNATAKA,2017,92600000
KARNATAKA,2018,98000000
KARNATAKA,2019,103000000
KARNATAKA,2020,102000000
KARNATAKA,2021,112000000
KARNATAKA,2022,122000000
KARNATAKA,2023,130000000
KERALA,1992,10400000
KERALA,1993,11500000
KERALA,1994,12500000
KERALA,1995,13000000
KERALA,1996,13300000
KERALA,1997,13400000
KERALA,1998,14700000
KERALA,1999,15600000
KERALA,2000,16400000
KERALA,2001,17100000
KERALA,2002,18300000
KERALA,2003,18800000
KERALA,2004,21100000
KERALA,2005,22600000
KERALA,2006,23900000
KERALA,2007,25700000
KERALA,2008,26700000
KERALA,2009,28900000
KERALA,2010,31000000
KERALA,2011,32500000
KERALA,2012,31400000
KERALA,2013,32500000
KERALA,2014,34000000
KERALA,2015,36500000
KERALA,2016,38900000
KERALA,2017,41900000
KERALA,2018,45000000
KERALA,2019,45900000
KERALA,2020,42500000
KERALA,2021,47300000
KERALA,2022,50100000
KERALA,2023,54000000
MADHYA PRADESH,1992,10600000
MADHYA PRADESH,1993,11700000
MADHYA PRADESH,1994,12600000
MADHYA PRADESH,1995,13500000
MADHYA PRADESH,1996,14200000
MADHYA PRADESH,1997,14300000
MADHYA PRADESH,1998,15600000
MADHYA PRADESH,1999,16900000
MADHYA PRADESH,2000,15900000
MADHYA PRADESH,2001,16400000
MADHYA PRADESH,2002,15900000
MADHYA PRADESH,2003,17200000
MADHYA PRADESH,2004,18000000
MADHYA PRADESH,2005,18500000
MADHYA PRADESH,2006,19300000
MADHYA PRADESH,2007,20800000
MADHYA PRADESH,2008,22600000
MADHYA PRADESH,2009,23400000
MADHYA PRADESH,2010,25400000
MADHYA PRADESH,2011,27700000
MADHYA PRADESH,2012,30600000
MADHYA PRADESH,2013,32500000
MADHYA PRADESH,2014,33900000
MADHYA PRADESH,2015,36700000
MADHYA PRADESH,2016,40700000
MADHYA PRADESH,2017,44700000
MADHYA PRADESH,2018,48800000
MADHYA PRADESH,2019,51100000
MADHYA PRADESH,2020,49100000
MADHYA PRADESH,2021,53400000
MADHYA PRADESH,2022,56900000
MADHYA PRADESH,2023,60100000
MAHARASHTRA,1992,33700000
MAHARASHTRA,1993,37500000
MAHARASHTRA,1994,38700000
MAHARASHTRA,1995,43000000
MAHARASHTRA,1996,45200000
MAHARASHTRA,1997,47100000
MAHARASHTRA,1998,49600000
MAHARASHTRA,1999,53600000
MAHARASHTRA,2000,53300000
MAHARASHTRA,2001,55200000
MAHARASHTRA,2002,58300000
MAHARASHTRA,2003,62400000
MAHARASHTRA,2004,66600000
MAHARASHTRA,2005,72400000
MAHARASHTRA,2006,79100000
MAHARASHTRA,2007,88000000
MAHARASHTRA,2008,89900000
MAHARASHTRA,2009,97000000
MAHARASHTRA,2010,107000000
MAHARASHTRA,2011,113000000
MAHARASHTRA,2012,119000000
MAHARASHTRA,2013,126000000
MAHARASHTRA,2014,133000000
MAHARASHTRA,2015,142000000
MAHARASHTRA,2016,153000000
MAHARASHTRA,2017,161000000
MAHARASHTRA,2018,167000000
MAHARASHTRA,2019,175000000
MAHARASHTRA,2020,161000000
MAHARASHTRA,2021,175000000
MAHARASHTRA,2022,191000000
MAHARASHTRA,2023,205000000
MANIPUR,1992,528812
MANIPUR,1993,562050.9
MANIPUR,1994,531427.4
MANIPUR,1995,565200.6
MANIPUR,1996,606248.9
MANIPUR,1997,660962.9
MANIPUR,1998,670483
MANIPUR,1999,770482.3
MANIPUR,2000,706936.9
MANIPUR,2001,739386.9
MANIPUR,2002,749093.8
MANIPUR,2003,802093.1
MANIPUR,2004,879122.8
MANIPUR,2005,910116.7
MANIPUR,2006,928940
MANIPUR,2007,970900.1
MANIPUR,2008,1016171
MANIPUR,2009,1062906
MANIPUR,2010,1086816
MANIPUR,2011,1192453
MANIPUR,2012,1163094
MANIPUR,2013,1267501
MANIPUR,2014,1373373
MANIPUR,2015,1469559
MANIPUR,2016,1605222
MANIPUR,2017,1818380
MANIPUR,2018,1785284
MANIPUR,2019,1866215
MANIPUR,2020,1794399
MANIPUR,2021,1966196
MANIPUR,2022,2069183
MANIPUR,2023,2247636
MEGHALAYA,1992,522569
MEGHALAYA,1993,589936.4
MEGHALAYA,1994,600558.4
MEGHALAYA,1995,695822.3
MEGHALAYA,1996,683215.5
MEGHALAYA,1997,725008.2
MEGHALAYA,1998,797361.3
MEGHALAYA,1999,896646.7
MEGHALAYA,2000,903112.2
MEGHALAYA,2001,939171.2
MEGHALAYA,2002,984845.6
MEGHALAYA,2003,1028447
MEGHALAYA,2004,1141949
MEGHALAYA,2005,1211357
MEGHALAYA,2006,1297875
MEGHALAYA,2007,1365844
MEGHALAYA,2008,1500724
MEGHALAYA,2009,1584450
MEGHALAYA,2010,1765346
MEGHALAYA,2011,1874732
MEGHALAYA,2012,1996034
MEGHALAYA,2013,2079576
MEGHALAYA,2014,1968838
MEGHALAYA,2015,2096145
MEGHALAYA,2016,2147631
MEGHALAYA,2017,2284752
MEGHALAYA,2018,2418441
MEGHALAYA,2019,2513672
MEGHALAYA,2020,2260178
MEGHALAYA,2021,2488729
MEGHALAYA,2022,2688112
MEGHALAYA,2023,2929389
MIZORAM,1992,
MIZORAM,1993,
MIZORAM,1994,
MIZORAM,1995,
MIZORAM,1996,
MIZORAM,1997,
MIZORAM,1998,
MIZORAM,1999,302449
MIZORAM,2000,304017.3
MIZORAM,2001,325487.4
MIZORAM,2002,354243.4
MIZORAM,2003,363374.7
MIZORAM,2004,384240.6
MIZORAM,2005,393827
MIZORAM,2006,409492.2
MIZORAM,2007,464317.6
MIZORAM,2008,499499.2
MIZORAM,2009,549489.3
MIZORAM,2010,632774.4
MIZORAM,2011,609467.6
MIZORAM,2012,657865.1
MIZORAM,2013,774354.9
MIZORAM,2014,918846.4
MIZORAM,2015,996034.4
MIZORAM,2016,1056070
MIZORAM,2017,1189408
MIZORAM,2018,1261733
MIZORAM,2019,1383568
MIZORAM,2020,1301368
MIZORAM,2021,1407576
MIZORAM,2022,1533501
MIZORAM,2023,1687651
NAGALAND,1992,
NAGALAND,1993,354667
NAGALAND,1994,351487.3
NAGALAND,1995,367349.1
NAGALAND,1996,426360.7
NAGALAND,1997,446966.8
NAGALAND,1998,430786.8
NAGALAND,1999,449971.4
NAGALAND,2000,507668.3
NAGALAND,2001,555347.4
NAGALAND,2002,618536.4
NAGALAND,2003,633164.3
NAGALAND,2004,681697.3
NAGALAND,2005,727321.3
NAGALAND,2006,762271.8
NAGALAND,2007,844309.1
NAGALAND,2008,877064.4
NAGALAND,2009,926127.1
NAGALAND,2010,1043724
NAGALAND,2011,1112133
NAGALAND,2012,1175902
NAGALAND,2013,1258581
NAGALAND,2014,1312155
NAGALAND,2015,1347991
NAGALAND,2016,1397291
NAGALAND,2017,1506886
NAGALAND,2018,1532774
NAGALAND,2019,1670439
NAGALAND,2020,1622897
NAGALAND,2021,1684088
NAGALAND,2022,1725219
NAGALAND,2023,1910672
ODISHA,1992,7427992
ODISHA,1993,7964334
ODISHA,1994,8425138
ODISHA,1995,9280985
ODISHA,1996,9002027
ODISHA,1997,9810442
ODISHA,1998,10300000
ODISHA,1999,10500000
ODISHA,2000,10900000
ODISHA,2001,11100000
ODISHA,2002,11300000
ODISHA,2003,12600000
ODISHA,2004,14400000
ODISHA,2005,14900000
ODISHA,2006,16200000
ODISHA,2007,18100000
ODISHA,2008,19000000
ODISHA,2009,20100000
ODISHA,2010,21600000
ODISHA,2011,22700000
ODISHA,2012,24300000
ODISHA,2013,26500000
ODISHA,2014,26900000
ODISHA,2015,29100000
ODISHA,2016,32400000
ODISHA,2017,35300000
ODISHA,2018,37500000
ODISHA,2019,38200000
ODISHA,2020,38000000
ODISHA,2021,43500000
ODISHA,2022,44100000
ODISHA,2023,47100000
PUDUCHERRY,1992,283621
PUDUCHERRY,1993,316792.9
PUDUCHERRY,1994,332465.3
PUDUCHERRY,1995,359025.7
PUDUCHERRY,1996,442186.9
PUDUCHERRY,1997,536037.6
PUDUCHERRY,1998,590555.1
PUDUCHERRY,1999,613296.9
PUDUCHERRY,2000,684031.8
PUDUCHERRY,2001,737925.2
PUDUCHERRY,2002,803924.1
PUDUCHERRY,2003,833724.2
PUDUCHERRY,2004,753274.3
PUDUCHERRY,2005,897132.4
PUDUCHERRY,2006,928082.7
PUDUCHERRY,2007,1002002
PUDUCHERRY,2008,1075228
PUDUCHERRY,2009,1220589
PUDUCHERRY,2010,1298283
PUDUCHERRY,2011,1353153
PUDUCHERRY,2012,1372493
PUDUCHERRY,2013,1492825
PUDUCHERRY,2014,1430715
PUDUCHERRY,2015,1484195
PUDUCHERRY,2016,1577580
PUDUCHERRY,2017,1703207
PUDUCHERRY,2018,1934018
PUDUCHERRY,2019,1946705
PUDUCHERRY,2020,1790874
PUDUCHERRY,2021,1814059
PUDUCHERRY,2022,1876556
PUDUCHERRY,2023,2009722
PUNJAB,1992,9745209
PUNJAB,1993,10200000
PUNJAB,1994,10900000
PUNJAB,1995,11100000
PUNJAB,1996,11800000
PUNJAB,1997,12400000
PUNJAB,1998,12900000
PUNJAB,1999,13800000
PUNJAB,2000,14300000
PUNJAB,2001,14700000
PUNJAB,2002,15000000
PUNJAB,2003,15300000
PUNJAB,2004,16500000
PUNJAB,2005,17200000
PUNJAB,2006,18600000
PUNJAB,2007,20100000
PUNJAB,2008,21100000
PUNJAB,2009,22500000
PUNJAB,2010,23500000
PUNJAB,2011,24800000
PUNJAB,2012,25000000
PUNJAB,2013,26700000
PUNJAB,2014,27600000
PUNJAB,2015,28900000
PUNJAB,2016,30400000
PUNJAB,2017,32500000
PUNJAB,2018,34200000
PUNJAB,2019,35300000
PUNJAB,2020,35000000
PUNJAB,2021,37500000
PUNJAB,2022,40100000
PUNJAB,2023,43000000
RAJASTHAN,1992,13000000
RAJASTHAN,1993,12500000
RAJASTHAN,1994,14400000
RAJASTHAN,1995,15300000
RAJASTHAN,1996,16900000
RAJASTHAN,1997,18300000
RAJASTHAN,1998,19300000
RAJASTHAN,1999,19700000
RAJASTHAN,2000,19500000
RAJASTHAN,2001,21400000
RAJASTHAN,2002,19400000
RAJASTHAN,2003,23800000
RAJASTHAN,2004,23900000
RAJASTHAN,2005,25000000
RAJASTHAN,2006,27200000
RAJASTHAN,2007,28700000
RAJASTHAN,2008,30700000
RAJASTHAN,2009,33200000
RAJASTHAN,2010,37300000
RAJASTHAN,2011,39900000
RAJASTHAN,2012,41900000
RAJASTHAN,2013,45000000
RAJASTHAN,2014,47900000
RAJASTHAN,2015,51300000
RAJASTHAN,2016,53600000
RAJASTHAN,2017,56400000
RAJASTHAN,2018,57800000
RAJASTHAN,2019,60400000
RAJASTHAN,2020,59100000
RAJASTHAN,2021,63800000
RAJASTHAN,2022,68600000
RAJASTHAN,2023,73700000
SIKKIM,1992,
SIKKIM,1993,180365
SIKKIM,1994,174511.2
SIKKIM,1995,210664.1
SIKKIM,1996,221439.6
SIKKIM,1997,237052.9
SIKKIM,1998,247229
SIKKIM,1999,265836
SIKKIM,2000,280822.6
SIKKIM,2001,303742.6
SIKKIM,2002,329039.3
SIKKIM,2003,362552.1
SIKKIM,2004,388047.5
SIKKIM,2005,428137.7
SIKKIM,2006,446198.2
SIKKIM,2007,491090.5
SIKKIM,2008,556776.2
SIKKIM,2009,820811.8
SIKKIM,2010,920922.4
SIKKIM,2011,1000751
SIKKIM,2012,1018404
SIKKIM,2013,1081245
SIKKIM,2014,1142090
SIKKIM,2015,1243365
SIKKIM,2016,1278248
SIKKIM,2017,1466828
SIKKIM,2018,1517124
SIKKIM,2019,1570527
SIKKIM,2020,1545155
SIKKIM,2021,1667602
SIKKIM,2022,1799866
SIKKIM,2023,1975526
TAMIL NADU,1992,19000000
TAMIL NADU,1993,20900000
TAMIL NADU,1994,23100000
TAMIL NADU,1995,24600000
TAMIL NADU,1996,25400000
TAMIL NADU,1997,27300000
TAMIL NADU,1998,28700000
TAMIL NADU,1999,30800000
TAMIL NADU,2000,32500000
TAMIL NADU,2001,32500000
TAMIL NADU,2002,33000000
TAMIL NADU,2003,34500000
TAMIL NADU,2004,38000000
TAMIL NADU,2005,42000000
TAMIL NADU,2006,47000000
TAMIL NADU,2007,49800000
TAMIL NADU,2008,51900000
TAMIL NADU,2009,57400000
TAMIL NADU,2010,64300000
TAMIL NADU,2011,67800000
TAMIL NADU,2012,68500000
TAMIL NADU,2013,73600000
TAMIL NADU,2014,77200000
TAMIL NADU,2015,83000000
TAMIL NADU,2016,87600000
TAMIL NADU,2017,94600000
TAMIL NADU,2018,100000000
TAMIL NADU,2019,104000000
TAMIL NADU,2020,104000000
TAMIL NADU,2021,112000000
TAMIL NADU,2022,119000000
TAMIL NADU,2023,129000000
TELANGANA,1992,8181561
TELANGANA,1993,9249253
TELANGANA,1994,9538539
TELANGANA,1995,10300000
TELANGANA,1996,11000000
TELANGANA,1997,10700000
TELANGANA,1998,12100000
TELANGANA,1999,12600000
TELANGANA,2000,13600000
TELANGANA,2001,14200000
TELANGANA,2002,14600000
TELANGANA,2003,15600000
TELANGANA,2004,16900000
TELANGANA,2005,19000000
TELANGANA,2006,20800000
TELANGANA,2007,22800000
TELANGANA,2008,25400000
TELANGANA,2009,25900000
TELANGANA,2010,29900000
TELANGANA,2011,32200000
TELANGANA,2012,32800000
TELANGANA,2013,34500000
TELANGANA,2014,36300000
TELANGANA,2015,39900000
TELANGANA,2016,42800000
TELANGANA,2017,46900000
TELANGANA,2018,50900000
TELANGANA,2019,53200000
TELANGANA,2020,50800000
TELANGANA,2021,55900000
TELANGANA,2022,59800000
TELANGANA,2023,64000000
TRIPURA,1992,439217
TRIPURA,1993,502713.5
TRIPURA,1994,471305.9
TRIPURA,1995,526197.3
TRIPURA,1996,576407.4
TRIPURA,1997,632378.9
TRIPURA,1998,705295.4
TRIPURA,1999,759413.2
TRIPURA,2000,786012.1
TRIPURA,2001,879582.3
TRIPURA,2002,936826.9
TRIPURA,2003,999598.3
TRIPURA,2004,1085038
TRIPURA,2005,1119701
TRIPURA,2006,1169850
TRIPURA,2007,1276141
TRIPURA,2008,1361070
TRIPURA,2009,1501672
TRIPURA,2010,1641512
TRIPURA,2011,1777329
TRIPURA,2012,1920978
TRIPURA,2013,2118066
TRIPURA,2014,2436050
TRIPURA,2015,2446017
TRIPURA,2016,2641110
TRIPURA,2017,2920541
TRIPURA,2018,3221289
TRIPURA,2019,3286180
TRIPURA,2020,3185192
TRIPURA,2021,3424062
TRIPURA,2022,3606209
TRIPURA,2023,3875673
UTTAR PRADESH,1992,27800000
UTTAR PRADESH,1993,28600000
UTTAR PRADESH,1994,30400000
UTTAR PRADESH,1995,31800000
UTTAR PRADESH,1996,34500000
UTTAR PRADESH,1997,33200000
UTTAR PRADESH,1998,35100000
UTTAR PRADESH,1999,36000000
UTTAR PRADESH,2000,37500000
UTTAR PRADESH,2001,38900000
UTTAR PRADESH,2002,39400000
UTTAR PRADESH,2003,41000000
UTTAR PRADESH,2004,43200000
UTTAR PRADESH,2005,44900000
UTTAR PRADESH,2006,48700000
UTTAR PRADESH,2007,52500000
UTTAR PRADESH,2008,54800000
UTTAR PRADESH,2009,57500000
UTTAR PRADESH,2010,63200000
UTTAR PRADESH,2011,67000000
UTTAR PRADESH,2012,72500000
UTTAR PRADESH,2013,76100000
UTTAR PRADESH,2014,80200000
UTTAR PRADESH,2015,85700000
UTTAR PRADESH,2016,97200000
UTTAR PRADESH,2017,106000000
UTTAR PRADESH,2018,109000000
UTTAR PRADESH,2019,113000000
UTTAR PRADESH,2020,107000000
UTTAR PRADESH,2021,118000000
UTTAR PRADESH,2022,127000000
UTTAR PRADESH,2023,137000000
UTTARAKHAND,1992,2394992
UTTARAKHAND,1993,2482699
UTTARAKHAND,1994,2708726
UTTARAKHAND,1995,2774637
UTTARAKHAND,1996,2932226
UTTARAKHAND,1997,2939684
UTTARAKHAND,1998,3047218
UTTARAKHAND,1999,3184325
UTTARAKHAND,2000,3520066
UTTARAKHAND,2001,3718971
UTTARAKHAND,2002,4023149
UTTARAKHAND,2003,4363679
UTTARAKHAND,2004,4909080
UTTARAKHAND,2005,5359311
UTTARAKHAND,2006,6060704
UTTARAKHAND,2007,7072592
UTTARAKHAND,2008,7828020
UTTARAKHAND,2009,8880481
UTTARAKHAND,2010,9895162
UTTARAKHAND,2011,10700000
UTTARAKHAND,2012,11200000
UTTARAKHAND,2013,12000000
UTTARAKHAND,2014,12500000
UTTARAKHAND,2015,13400000
UTTARAKHAND,2016,14400000
UTTARAKHAND,2017,15600000
UTTARAKHAND,2018,15900000
UTTARAKHAND,2019,16100000
UTTARAKHAND,2020,14200000
UTTARAKHAND,2021,15100000
UTTARAKHAND,2022,16400000
UTTARAKHAND,2023,17700000
WEST BENGAL,1992,15800000
WEST BENGAL,1993,17000000
WEST BENGAL,1994,18100000
WEST BENGAL,1995,19500000
WEST BENGAL,1996,20800000
WEST BENGAL,1997,22100000
WEST BENGAL,1998,23400000
WEST BENGAL,1999,25000000
WEST BENGAL,2000,26200000
WEST BENGAL,2001,27700000
WEST BENGAL,2002,29000000
WEST BENGAL,2003,30300000
WEST BENGAL,2004,32600000
WEST BENGAL,2005,34200000
WEST BENGAL,2006,36100000
WEST BENGAL,2007,38800000
WEST BENGAL,2008,40300000
WEST BENGAL,2009,43000000
WEST BENGAL,2010,45300000
WEST BENGAL,2011,47900000
WEST BENGAL,2012,50300000
WEST BENGAL,2013,52000000
WEST BENGAL,2014,53300000
WEST BENGAL,2015,56900000
WEST BENGAL,2016,59800000
WEST BENGAL,2017,64600000
WEST BENGAL,2018,67900000
WEST BENGAL,2019,69200000
WEST BENGAL,2020,64600000
WEST BENGAL,2021,71200000
WEST BENGAL,2022,74900000
WEST BENGAL,2023,79200000
